Название вакансии,название компании,зарплата,ссылка на вакансию
Web - программист,ООО РОСТСАЙТ,от 100 000 ₽ на руки,https://togliatti.hh.ru/vacancy/97709288?query=%D0%BF%D1%80%D0%BE%D0%B3%D1%80%D0%B0%D0%BC%D0%BC%D0%B8%D1%81%D1%82&hhtmFrom=vacancy_search_list
Программист,ГБУЗ СО Тольяттинская городская поликлиника № 2,от 27 000 ₽ до вычета налогов,https://togliatti.hh.ru/vacancy/99274494?query=%D0%BF%D1%80%D0%BE%D0%B3%D1%80%D0%B0%D0%BC%D0%BC%D0%B8%D1%81%D1%82&hhtmFrom=vacancy_search_list
Программист,Тольяттинский государственный университет,до 141 000 ₽ до вычета налогов,https://togliatti.hh.ru/vacancy/77190779?query=%D0%BF%D1%80%D0%BE%D0%B3%D1%80%D0%B0%D0%BC%D0%BC%D0%B8%D1%81%D1%82&hhtmFrom=vacancy_search_list
Программист-разработчик,ООО ДИТЕК,от 50 000 ₽ до вычета налогов,https://togliatti.hh.ru/vacancy/97690207?query=%D0%BF%D1%80%D0%BE%D0%B3%D1%80%D0%B0%D0%BC%D0%BC%D0%B8%D1%81%D1%82&hhtmFrom=vacancy_search_list
Программист,ГБУЗ СО ТСП № 3,от 30 000 ₽ до вычета налогов,https://togliatti.hh.ru/vacancy/98039817?query=%D0%BF%D1%80%D0%BE%D0%B3%D1%80%D0%B0%D0%BC%D0%BC%D0%B8%D1%81%D1%82&hhtmFrom=vacancy_search_list
Программист-разработчик,ООО Советник,от 50 000 ₽ на руки,https://togliatti.hh.ru/vacancy/98347937?query=%D0%BF%D1%80%D0%BE%D0%B3%D1%80%D0%B0%D0%BC%D0%BC%D0%B8%D1%81%D1%82&hhtmFrom=vacancy_search_list
Программист-разработчик,ООО Айкью Групп,от 50 000 ₽ на руки,https://togliatti.hh.ru/vacancy/96819045?query=%D0%BF%D1%80%D0%BE%D0%B3%D1%80%D0%B0%D0%BC%D0%BC%D0%B8%D1%81%D1%82&hhtmFrom=vacancy_search_list
Программист,СРООЗПП Региональная Общественная Система Контроля,от 50 000 ₽ на руки,https://togliatti.hh.ru/vacancy/96722008?query=%D0%BF%D1%80%D0%BE%D0%B3%D1%80%D0%B0%D0%BC%D0%BC%D0%B8%D1%81%D1%82&hhtmFrom=vacancy_search_list
Программист 1С: УНФ,ООО Автопродукт,80 000 – 120 000 ₽ до вычета налогов,https://togliatti.hh.ru/vacancy/98354456?query=%D0%BF%D1%80%D0%BE%D0%B3%D1%80%D0%B0%D0%BC%D0%BC%D0%B8%D1%81%D1%82&hhtmFrom=vacancy_search_list
Scala / Java Developer (junior),Квартплата 24,50 000 – 90 000 ₽ до вычета налогов,https://togliatti.hh.ru/vacancy/97139835?query=%D0%BF%D1%80%D0%BE%D0%B3%D1%80%D0%B0%D0%BC%D0%BC%D0%B8%D1%81%D1%82&hhtmFrom=vacancy_search_list
Scala / Java Developer (middle),Квартплата 24,100 000 – 200 000 ₽ до вычета налогов,https://togliatti.hh.ru/vacancy/97184988?query=%D0%BF%D1%80%D0%BE%D0%B3%D1%80%D0%B0%D0%BC%D0%BC%D0%B8%D1%81%D1%82&hhtmFrom=vacancy_search_list
Junior/Middle Backend программист,ООО СИСТЕМЫ МОНИТОРИНГА,от 120 000 ₽ до вычета налогов,https://togliatti.hh.ru/vacancy/99048177?query=%D0%BF%D1%80%D0%BE%D0%B3%D1%80%D0%B0%D0%BC%D0%BC%D0%B8%D1%81%D1%82&hhtmFrom=vacancy_search_list
Backend-разработчик PHP (Laravel),ООО ГРАН ЛИМИТЕД,150 000 – 170 000 ₽ до вычета налогов,https://togliatti.hh.ru/vacancy/97644880?query=%D0%BF%D1%80%D0%BE%D0%B3%D1%80%D0%B0%D0%BC%D0%BC%D0%B8%D1%81%D1%82&hhtmFrom=vacancy_search_list
1С Программист-разработчик,ООО Информационные технологии,100 000 – 150 000 ₽ до вычета налогов,https://togliatti.hh.ru/vacancy/98753923?query=%D0%BF%D1%80%D0%BE%D0%B3%D1%80%D0%B0%D0%BC%D0%BC%D0%B8%D1%81%D1%82&hhtmFrom=vacancy_search_list
Scala / Java Developer (senior),Квартплата 24,200 000 – 300 000 ₽ до вычета налогов,https://togliatti.hh.ru/vacancy/97185061?query=%D0%BF%D1%80%D0%BE%D0%B3%D1%80%D0%B0%D0%BC%D0%BC%D0%B8%D1%81%D1%82&hhtmFrom=vacancy_search_list
Инженер-технолог-программист,ООО СЛИК,от 70 000 ₽ на руки,https://togliatti.hh.ru/vacancy/97288773?query=%D0%BF%D1%80%D0%BE%D0%B3%D1%80%D0%B0%D0%BC%D0%BC%D0%B8%D1%81%D1%82&hhtmFrom=vacancy_search_list
Инженер-программист 1С,ПАО Азотреммаш,от 80 000 ₽ на руки,https://togliatti.hh.ru/vacancy/94972698?query=%D0%BF%D1%80%D0%BE%D0%B3%D1%80%D0%B0%D0%BC%D0%BC%D0%B8%D1%81%D1%82&hhtmFrom=vacancy_search_list
Консультант 1С (стажер),Трио Системс,13 000 – 44 000 ₽ на руки,https://togliatti.hh.ru/vacancy/99302685?query=%D0%BF%D1%80%D0%BE%D0%B3%D1%80%D0%B0%D0%BC%D0%BC%D0%B8%D1%81%D1%82&hhtmFrom=vacancy_search_list
Инженер-программист станков с ЧПУ,ООО МАНРО МЕХАНИКА,от 100 000 ₽ на руки,https://togliatti.hh.ru/vacancy/98780495?query=%D0%BF%D1%80%D0%BE%D0%B3%D1%80%D0%B0%D0%BC%D0%BC%D0%B8%D1%81%D1%82&hhtmFrom=vacancy_search_list
Инженер технической поддержки 1C,"ОЗОН, фармацевтическая компания",35 000 – 84 000 ₽ до вычета налогов,https://togliatti.hh.ru/vacancy/88385694?query=%D0%BF%D1%80%D0%BE%D0%B3%D1%80%D0%B0%D0%BC%D0%BC%D0%B8%D1%81%D1%82&hhtmFrom=vacancy_search_list
1С программист,"WERNOX,группа компаний",65 000 – 80 000 ₽ до вычета налогов,https://togliatti.hh.ru/vacancy/98697031?query=%D0%BF%D1%80%D0%BE%D0%B3%D1%80%D0%B0%D0%BC%D0%BC%D0%B8%D1%81%D1%82&hhtmFrom=vacancy_search_list
Инженер технической поддержки (Тольятти),"Лента, федеральная розничная сеть, Гипермаркет",52 000 – 57 000 ₽ до вычета налогов,https://togliatti.hh.ru/vacancy/95507788?query=%D0%BF%D1%80%D0%BE%D0%B3%D1%80%D0%B0%D0%BC%D0%BC%D0%B8%D1%81%D1%82&hhtmFrom=vacancy_search_list
IT директор,Мега Хенд,от 100 000 ₽ на руки,https://togliatti.hh.ru/vacancy/99154117?query=%D0%BF%D1%80%D0%BE%D0%B3%D1%80%D0%B0%D0%BC%D0%BC%D0%B8%D1%81%D1%82&hhtmFrom=vacancy_search_list
Специалист технической поддержки пользователей,Яндекс Крауд: Поддержка,от 30 000 ₽ на руки,https://togliatti.hh.ru/vacancy/93606388?query=%D0%BF%D1%80%D0%BE%D0%B3%D1%80%D0%B0%D0%BC%D0%BC%D0%B8%D1%81%D1%82&hhtmFrom=vacancy_search_list
Администратор 1С,Мир золота,от 80 000 ₽ на руки,https://togliatti.hh.ru/vacancy/97339904?query=%D0%BF%D1%80%D0%BE%D0%B3%D1%80%D0%B0%D0%BC%D0%BC%D0%B8%D1%81%D1%82&hhtmFrom=vacancy_search_list
Аналитик 1С,ООО ВИВАТ ИНТЕЛЛЕКТ,от 100 000 ₽ до вычета налогов,https://togliatti.hh.ru/vacancy/98803543?query=%D0%BF%D1%80%D0%BE%D0%B3%D1%80%D0%B0%D0%BC%D0%BC%D0%B8%D1%81%D1%82&hhtmFrom=vacancy_search_list
Трейдер,GT Capital,10 000 – 150 000 ₽ до вычета налогов,https://togliatti.hh.ru/vacancy/99127537?query=%D0%BF%D1%80%D0%BE%D0%B3%D1%80%D0%B0%D0%BC%D0%BC%D0%B8%D1%81%D1%82&hhtmFrom=vacancy_search_list
Нормоконтролер,ООО НПП КуйбышевТелеком-Метрология,60 000 – 70 000 ₽ на руки,https://togliatti.hh.ru/vacancy/93545830?query=%D0%BF%D1%80%D0%BE%D0%B3%D1%80%D0%B0%D0%BC%D0%BC%D0%B8%D1%81%D1%82&hhtmFrom=vacancy_search_list
Программист-стажер 1C,ООО Тольятти-софт,до 40 000 ₽ на руки,https://togliatti.hh.ru/vacancy/98470572?query=%D0%BF%D1%80%D0%BE%D0%B3%D1%80%D0%B0%D0%BC%D0%BC%D0%B8%D1%81%D1%82&hhtmFrom=vacancy_search_list
